,timestamp,open,high,low,close,volume
0,1617105600000,59240.33000000,59368.00000000,58500.00000000,58526.42000000,11010.57624500
1,1617120000000,58526.43000000,59107.84000000,58470.00000000,59060.00000000,6815.80666400
2,1617134400000,59060.00000000,59086.65000000,58380.02000000,58746.57000000,5930.09277500
3,1617148800000,58746.57000000,59050.00000000,58369.00000000,58608.63000000,7115.16232300
4,1617163200000,58608.62000000,59800.00000000,57500.18000000,58173.83000000,11735.38387500
5,1617177600000,58173.82000000,58275.45000000,56769.00000000,58015.02000000,12654.03679400
6,1617192000000,58015.02000000,59430.54000000,57641.06000000,59304.75000000,10601.90854600
7,1617206400000,59304.76000000,59648.52000000,58453.30000000,58553.12000000,11099.55915100
8,1617220800000,58553.12000000,59289.45000000,58328.55000000,58740.55000000,7769.49197700
9,1617235200000,58739.46000000,59314.53000000,58720.82000000,59119.02000000,5881.09291400
10,1617249600000,59119.02000000,59232.59000000,58500.20000000,58817.77000000,6720.33537300
11,1617264000000,58817.78000000,59490.00000000,58115.00000000,58584.32000000,11959.59677300
12,1617278400000,58584.32000000,59263.30000000,58375.00000000,58974.65000000,8407.63460800
13,1617292800000,58974.66000000,59146.77000000,57935.45000000,58918.99000000,9159.96815700
14,1617307200000,58918.99000000,59069.74000000,58524.70000000,58720.44000000,5286.98939500
15,1617321600000,58720.45000000,60200.00000000,58455.10000000,59869.79000000,13962.71625200
16,1617336000000,59869.79000000,59997.00000000,59307.35000000,59417.63000000,6817.22658900
17,1617350400000,59421.21000000,59685.00000000,59218.00000000,59542.78000000,5599.28122200
18,1617364800000,59542.78000000,59624.86000000,58827.66000000,59480.06000000,8208.23047500
19,1617379200000,59480.06000000,59600.00000000,58525.01000000,58850.00000000,7392.76568800
20,1617393600000,58850.00000000,59219.00000000,58428.57000000,58950.01000000,5402.19855500
21,1617408000000,58950.01000000,59450.08000000,58931.30000000,59221.53000000,5179.42385900
22,1617422400000,59221.52000000,59531.74000000,59180.00000000,59298.85000000,5138.97203000
23,1617436800000,59301.80000000,59791.72000000,58750.96000000,59255.02000000,7896.69374300
24,1617451200000,59256.07000000,59454.83000000,58800.00000000,58829.99000000,6781.05167200
25,1617465600000,58829.99000000,59143.71000000,57707.70000000,58597.04000000,11601.27577900
26,1617480000000,58597.04000000,58597.04000000,56880.00000000,57051.94000000,10812.43503000
27,1617494400000,57051.95000000,57583.32000000,56388.00000000,57492.42000000,10461.90360400
28,1617508800000,57492.42000000,57723.48000000,57139.02000000,57614.52000000,5223.62299100
29,1617523200000,57614.52000000,57787.79000000,57033.85000000,57275.55000000,5903.71581100
30,1617537600000,57278.23000000,58492.85000000,57000.00000000,57918.11000000,8804.50429700
31,1617552000000,57918.11000000,58280.00000000,57684.29000000,57953.86000000,6322.72229200
32,1617566400000,57953.86000000,58300.00000000,57826.16000000,58202.01000000,4597.61297800
33,1617580800000,58202.01000000,58387.35000000,57320.00000000,57467.12000000,7281.08145400
34,1617595200000,57467.12000000,57618.00000000,56790.57000000,57250.00000000,8955.15345200
35,1617609600000,57250.00000000,57766.84000000,56777.77000000,57756.36000000,7507.16259400
36,1617624000000,57756.36000000,59272.00000000,57746.74000000,59018.29000000,13510.60238200
37,1617638400000,59020.00000000,59240.00000000,58610.00000000,59005.20000000,9601.70311000
38,1617652800000,59005.21000000,59130.00000000,58479.59000000,59129.99000000,7402.31279800
39,1617667200000,59129.99000000,59495.24000000,58600.00000000,58608.70000000,8399.23513600
40,1617681600000,58610.19000000,59031.66000000,58349.00000000,58576.59000000,7077.61520700
41,1617696000000,58576.59000000,59000.00000000,58300.00000000,58541.34000000,9964.36286800
42,1617710400000,58541.34000000,58998.00000000,57413.02000000,57818.53000000,14803.05022700
43,1617724800000,57818.54000000,58282.12000000,57722.23000000,58225.00000000,7405.80761800
44,1617739200000,58225.01000000,58311.91000000,57483.71000000,57991.15000000,6550.92967100
45,1617753600000,57990.03000000,58200.01000000,57161.86000000,57922.75000000,8169.49838100
46,1617768000000,57922.74000000,58655.00000000,57268.00000000,57850.57000000,12269.31747600
47,1617782400000,57850.57000000,57938.77000000,55700.00000000,56320.47000000,18724.98893200
48,1617796800000,56320.47000000,56937.15000000,55612.00000000,56451.45000000,14027.92007600
49,1617811200000,56451.46000000,56850.00000000,55473.00000000,56153.83000000,12331.75817600
50,1617825600000,56153.84000000,56570.24000000,55717.15000000,55953.45000000,5704.92261800
51,1617840000000,55953.44000000,56700.00000000,55700.00000000,56540.62000000,6505.06615000
52,1617854400000,56540.62000000,57333.85000000,56529.78000000,57025.71000000,7699.10933300
53,1617868800000,57023.63000000,57267.49000000,56330.77000000,56421.18000000,7567.58103000
54,1617883200000,56421.17000000,57912.02000000,56311.77000000,57768.13000000,10949.66472600
55,1617897600000,57769.00000000,58153.31000000,57538.52000000,57734.94000000,6729.02184100
56,1617912000000,57732.53000000,58100.00000000,57449.04000000,58077.52000000,4832.70393900
57,1617926400000,58077.52000000,58419.45000000,57806.03000000,57985.71000000,5235.24333400
58,1617940800000,57985.71000000,58314.00000000,57654.00000000,58051.42000000,5646.76053600
59,1617955200000,58048.70000000,58894.90000000,57669.58000000,58527.19000000,9447.29047300
60,1617969600000,58527.20000000,58783.47000000,58024.00000000,58240.00000000,9093.85696300
61,1617984000000,58239.99000000,58528.00000000,57870.57000000,58370.59000000,6360.45098000
62,1617998400000,58370.59000000,58600.00000000,57873.31000000,58142.54000000,5048.28262500
63,1618012800000,58142.55000000,59238.27000000,57900.01000000,59229.50000000,9223.42981700
64,1618027200000,59229.50000000,61500.00000000,59229.50000000,60480.40000000,24587.78409000
65,1618041600000,60480.40000000,60997.18000000,60338.54000000,60575.94000000,7829.18692700
66,1618056000000,60575.94000000,60800.00000000,59811.74000000,60247.26000000,9993.59024700
67,1618070400000,60247.26000000,60550.00000000,59550.00000000,59567.38000000,8707.68513900
68,1618084800000,59567.38000000,59842.63000000,58374.61000000,59769.13000000,9564.74789700
69,1618099200000,59769.13000000,60699.00000000,59544.94000000,60268.58000000,7833.53346900
70,1618113600000,60268.58000000,60328.00000000,59339.83000000,59655.49000000,7509.80491800
71,1618128000000,59655.50000000,60144.70000000,59450.00000000,59721.84000000,6455.01691700
72,1618142400000,59721.85000000,59844.00000000,59232.52000000,59645.46000000,6682.28947100
73,1618156800000,59645.45000000,60190.00000000,59405.18000000,59705.53000000,7050.78728300
74,1618171200000,59705.53000000,60130.57000000,59433.29000000,60002.43000000,5625.28333300
75,1618185600000,59998.80000000,60456.29000000,59586.01000000,60368.96000000,6713.02280900
76,1618200000000,60368.95000000,61300.00000000,60020.00000000,60711.01000000,11533.08124400
77,1618214400000,60711.00000000,60878.25000000,59350.59000000,60241.50000000,13766.95154000
78,1618228800000,60241.50000000,60584.28000000,59610.96000000,59986.83000000,11036.98897100
79,1618243200000,59986.82000000,60223.00000000,59680.90000000,60090.41000000,7061.20130900
80,1618257600000,60090.42000000,60241.32000000,59759.05000000,59860.00000000,6263.79124400
81,1618272000000,59860.01000000,61100.00000000,59805.15000000,60493.43000000,11980.16941300
82,1618286400000,60493.43000000,61415.50000000,60330.74000000,61050.99000000,12164.50269200
83,1618300800000,61050.99000000,63287.88000000,61046.45000000,62942.21000000,25344.27070100
84,1618315200000,62942.21000000,63657.86000000,62500.00000000,63331.83000000,14989.35895400
85,1618329600000,63331.83000000,63777.77000000,62530.00000000,62997.02000000,11918.95959400
86,1618344000000,62997.02000000,63666.00000000,62842.99000000,63575.00000000,6451.42739200
87,1618358400000,63575.01000000,63869.99000000,63063.32000000,63749.19000000,9361.66702200
88,1618372800000,63749.19000000,64854.00000000,63605.85000000,64288.80000000,14251.69636200
89,1618387200000,64288.80000000,64787.98000000,63012.84000000,64511.21000000,15881.75507100
90,1618401600000,64509.48000000,64640.58000000,62345.67000000,63045.02000000,17788.97811600
91,1618416000000,63045.03000000,63764.62000000,61301.00000000,62150.04000000,17414.37111400
92,1618430400000,62150.03000000,63062.38000000,61873.51000000,62959.53000000,7917.87630800
93,1618444800000,62959.53000000,63491.45000000,62333.55000000,63056.61000000,8402.31431400
94,1618459200000,63056.62000000,63460.22000000,62706.40000000,62842.56000000,7327.51879300
95,1618473600000,62842.56000000,63137.92000000,62020.00000000,62361.12000000,8516.09407400
96,1618488000000,62359.11000000,63074.05000000,62347.36000000,62715.18000000,8512.83912600
97,1618502400000,62715.17000000,63573.02000000,62308.00000000,63363.29000000,10091.15789100
98,1618516800000,63363.29000000,63800.00000000,62963.78000000,63159.98000000,8799.77614200
99,1618531200000,63158.74000000,63520.61000000,62684.01000000,62937.91000000,13183.80803300
100,1618545600000,62942.41000000,62961.81000000,61025.00000000,61414.83000000,18777.95636300
101,1618560000000,61414.88000000,61607.83000000,60000.00000000,60853.81000000,18201.04198800
102,1618574400000,60853.80000000,61627.00000000,60250.00000000,61551.62000000,20484.58799100
103,1618588800000,61551.62000000,61877.00000000,61105.00000000,61713.43000000,12729.63676000
104,1618603200000,61713.42000000,62087.98000000,61333.00000000,61334.80000000,8387.10874900
105,1618617600000,61334.81000000,62506.05000000,61114.14000000,62372.27000000,10253.68683100
106,1618632000000,62372.27000000,62464.38000000,61857.55000000,62114.99000000,7769.15134600
107,1618646400000,62114.99000000,62458.28000000,60700.55000000,60886.91000000,11323.90823100
108,1618660800000,60886.93000000,61222.00000000,60094.00000000,60264.66000000,13371.07876800
109,1618675200000,60264.65000000,60785.00000000,59580.91000000,60705.02000000,10217.08088200
110,1618689600000,60705.02000000,60955.00000000,59969.98000000,60006.66000000,5977.35007000
111,1618704000000,60006.67000000,60499.00000000,50931.30000000,55014.46000000,28130.89037600
112,1618718400000,55000.01000000,56527.04000000,53924.76000000,56180.34000000,30550.02536200
113,1618732800000,56184.51000000,56498.00000000,53064.66000000,53308.92000000,25490.49691700
114,1618747200000,53299.32000000,55774.23000000,53200.00000000,55452.45000000,18764.39215400
115,1618761600000,55452.45000000,55967.66000000,54859.75000000,55720.66000000,11851.77174200
116,1618776000000,55720.66000000,56688.28000000,55537.48000000,56150.01000000,10094.55527300
117,1618790400000,56150.01000000,57291.00000000,55690.62000000,57030.90000000,10659.38287700
118,1618804800000,57030.90000000,57485.46000000,56410.68000000,57323.35000000,10568.11942100
119,1618819200000,57323.34000000,57526.81000000,56120.03000000,57107.40000000,16466.71020900
120,1618833600000,57107.41000000,57142.20000000,54221.58000000,54585.22000000,20940.52546200
121,1618848000000,54581.82000000,56100.00000000,54351.67000000,55930.94000000,12023.52046000
122,1618862400000,55930.94000000,56600.00000000,55517.45000000,55633.14000000,7570.78383800
123,1618876800000,55633.14000000,55792.15000000,54237.04000000,54764.12000000,9222.58505700
124,1618891200000,54764.13000000,55486.31000000,53329.96000000,54410.57000000,12643.07666000
125,1618905600000,54410.57000000,56419.13000000,54230.38000000,56266.83000000,13231.94255200
126,1618920000000,56266.83000000,56455.93000000,54649.58000000,55323.19000000,13586.01909900
127,1618934400000,55323.18000000,56782.00000000,55099.63000000,56572.44000000,13480.19624900
128,1618948800000,56572.44000000,57076.24000000,56090.00000000,56425.00000000,10580.66253400
129,1618963200000,56425.00000000,56757.91000000,55170.61000000,55204.60000000,10701.90813500
130,1618977600000,55204.60000000,55822.77000000,54968.69000000,55304.04000000,8687.94958500
131,1618992000000,55304.04000000,55750.00000000,54276.85000000,54563.37000000,11444.90052100
132,1619006400000,54563.36000000,56346.70000000,54300.00000000,56153.75000000,13237.46564200
133,1619020800000,56149.93000000,56339.98000000,55129.00000000,55478.70000000,8554.67277200
134,1619035200000,55478.70000000,55481.16000000,53536.02000000,53787.63000000,14357.86025400
135,1619049600000,53787.62000000,54638.00000000,52561.00000000,53497.09000000,20660.95802700
136,1619064000000,53494.63000000,54850.00000000,53450.00000000,54144.99000000,11139.01590600
137,1619078400000,54146.01000000,55223.00000000,53080.00000000,54866.62000000,15193.81089900
138,1619092800000,54866.63000000,55521.48000000,54310.04000000,54651.64000000,12713.72890800
139,1619107200000,54651.63000000,55166.19000000,52222.17000000,52923.54000000,20501.11210600
140,1619121600000,52923.54000000,52932.39000000,50500.00000000,51690.96000000,24448.00549100
141,1619136000000,51690.95000000,52131.85000000,48555.00000000,50298.76000000,39495.75050900
142,1619150400000,50298.76000000,50572.08000000,47700.00000000,47942.44000000,30271.24101300
143,1619164800000,47936.00000000,50269.17000000,47500.00000000,50070.36000000,24132.00104700
144,1619179200000,50070.36000000,50300.00000000,48541.00000000,49836.62000000,15811.39073000
145,1619193600000,49836.63000000,50920.00000000,49470.26000000,50876.72000000,11761.53229300
146,1619208000000,50876.71000000,51301.34000000,50140.00000000,51125.14000000,10758.86512700
147,1619222400000,51110.56000000,51166.22000000,49304.06000000,50109.93000000,10590.62759600
148,1619236800000,50109.92000000,50631.16000000,49649.70000000,49805.20000000,7461.85993400
149,1619251200000,49798.96000000,50217.89000000,48657.14000000,49073.71000000,11991.55327000
150,1619265600000,49072.12000000,50360.63000000,48900.00000000,50212.03000000,12218.30157600
151,1619280000000,50210.01000000,50888.00000000,49650.00000000,50667.75000000,6999.06978200
152,1619294400000,50667.79000000,51000.00000000,49900.00000000,50047.84000000,6100.10041500
153,1619308800000,50047.84000000,50452.85000000,49600.00000000,49615.54000000,6421.00871300
154,1619323200000,49626.76000000,49705.04000000,49600.24000000,49683.94000000,5.88703400
155,1619337600000,49683.95000000,50280.00000000,49161.94000000,49550.73000000,10523.72690600
156,1619352000000,49550.74000000,50567.91000000,49450.00000000,50257.97000000,10588.50125500
157,1619366400000,50257.97000000,50434.00000000,49295.09000000,49333.01000000,8232.07500600
158,1619380800000,49333.01000000,49593.18000000,46930.00000000,49066.77000000,22484.44609000
159,1619395200000,49066.76000000,52500.00000000,48753.44000000,52398.99000000,21323.43699600
160,1619409600000,52398.99000000,53080.00000000,52000.00000000,52801.37000000,12982.59522900
161,1619424000000,52801.37000000,53685.00000000,52275.00000000,53598.39000000,13057.44546400
162,1619438400000,53598.39000000,53950.00000000,53200.00000000,53571.12000000,12487.79422400
163,1619452800000,53571.13000000,54356.62000000,52868.07000000,54036.19000000,13564.51584100
164,1619467200000,54038.21000000,54250.00000000,52600.36000000,54001.39000000,12895.01437000
165,1619481600000,54001.38000000,54160.61000000,53267.71000000,53460.30000000,7766.38673800
166,1619496000000,53460.30000000,54933.74000000,53222.00000000,54545.01000000,10521.36638800
167,1619510400000,54545.00000000,55242.32000000,54248.92000000,55152.43000000,9661.99434800
168,1619524800000,55152.43000000,55300.00000000,54258.32000000,54981.87000000,12350.41487900
169,1619539200000,54981.86000000,55081.61000000,54258.40000000,54761.70000000,7488.52975800
170,1619553600000,54761.70000000,55460.00000000,54738.43000000,55011.97000000,6275.34256400
171,1619568000000,55011.97000000,55738.00000000,54769.42000000,54774.05000000,9735.22176700
172,1619582400000,54774.05000000,54995.07000000,53813.16000000,54255.98000000,10449.15362800
173,1619596800000,54255.98000000,55087.85000000,53917.64000000,54853.26000000,8471.39624600
174,1619611200000,54853.26000000,55327.00000000,54111.11000000,54338.14000000,8387.12884300
175,1619625600000,54338.14000000,55432.00000000,54245.33000000,55411.97000000,6539.81642600
176,1619640000000,55407.03000000,56428.00000000,54002.00000000,54846.22000000,11547.74210500
177,1619654400000,54846.23000000,55195.84000000,54046.33000000,54265.10000000,7127.89194100
178,1619668800000,54265.10000000,54493.87000000,53482.22000000,54465.14000000,8732.81015400
179,1619683200000,54465.27000000,54739.43000000,53759.98000000,54300.16000000,8709.30514200
180,1619697600000,54300.16000000,54531.89000000,53303.68000000,53703.11000000,10338.51024800
181,1619712000000,53703.11000000,53816.19000000,52476.69000000,52860.02000000,11220.07280200
182,1619726400000,52860.02000000,53650.63000000,52330.94000000,53555.00000000,6357.42916800
183,1619740800000,53555.00000000,53816.36000000,53013.01000000,53679.03000000,8135.86581800
184,1619755200000,53679.04000000,54558.80000000,53673.05000000,54343.11000000,9665.96274200
185,1619769600000,54343.11000000,54792.33000000,54051.11000000,54230.63000000,7863.06157300
186,1619784000000,54230.64000000,57258.15000000,54170.89000000,57180.06000000,21815.52226600
187,1619798400000,57180.05000000,57385.00000000,56277.39000000,57007.38000000,11856.68673800
188,1619812800000,57007.38000000,57963.00000000,56374.21000000,57694.27000000,9241.81090800
189,1619827200000,57697.25000000,58458.07000000,57421.05000000,58178.67000000,10096.94040000
190,1619841600000,58177.59000000,58422.31000000,57585.55000000,57725.14000000,6729.89624800
191,1619856000000,57725.14000000,57930.00000000,57116.16000000,57816.90000000,7190.04672800
192,1619870400000,57816.91000000,58043.01000000,56956.14000000,57356.58000000,7376.61972700
193,1619884800000,57356.59000000,57998.97000000,57218.00000000,57770.31000000,6358.75689600
194,1619899200000,57770.32000000,57939.00000000,57243.65000000,57800.37000000,4848.09183700
195,1619913600000,57797.35000000,57911.02000000,56323.66000000,56450.19000000,7209.98658800
196,1619928000000,56450.19000000,57129.00000000,56171.31000000,56633.02000000,6137.57336800
197,1619942400000,56633.03000000,57090.00000000,56035.25000000,57090.00000000,7180.35999300
198,1619956800000,57090.00000000,57286.96000000,56231.55000000,56595.20000000,5974.87761200
199,1619971200000,56595.20000000,56968.56000000,56317.59000000,56836.40000000,5016.93196100
200,1619985600000,56836.39000000,57141.05000000,56212.00000000,56578.21000000,5293.14934100
201,1620000000000,56578.21000000,58289.99000000,56525.00000000,57925.80000000,9396.29102900
202,1620014400000,57925.79000000,58848.00000000,57696.70000000,58787.87000000,9346.97225500
203,1620028800000,58787.88000000,58981.44000000,58277.12000000,58657.63000000,9368.15432300
204,1620043200000,58657.64000000,58770.00000000,57260.00000000,57601.83000000,11235.73369200
205,1620057600000,57603.33000000,58170.00000000,57169.00000000,57564.87000000,8767.24339500
206,1620072000000,57564.86000000,57575.05000000,56435.00000000,57169.39000000,9535.53659200
207,1620086400000,57169.39000000,57200.00000000,54580.00000000,55452.17000000,16977.89823100
208,1620100800000,55452.16000000,56361.82000000,55122.00000000,55917.97000000,8518.87125400
209,1620115200000,55917.98000000,56637.89000000,55555.00000000,56143.42000000,10623.43390600
210,1620129600000,56143.43000000,56321.18000000,53526.00000000,53799.33000000,25558.30939400
211,1620144000000,53802.54000000,54745.81000000,53201.01000000,54541.13000000,15002.09730000
212,1620158400000,54539.73000000,54824.00000000,53046.69000000,53200.01000000,8644.01581800
213,1620172800000,53205.05000000,55415.83000000,52900.00000000,54795.19000000,13128.37786600
214,1620187200000,54798.87000000,55285.71000000,53922.84000000,54858.35000000,10080.01401100
215,1620201600000,54858.35000000,55809.24000000,54679.13000000,55108.95000000,9957.73314100
216,1620216000000,55108.95000000,57712.06000000,55032.65000000,57636.74000000,19336.62196000
217,1620230400000,57635.89000000,58069.82000000,57043.00000000,57136.04000000,14748.36754900
218,1620244800000,57136.04000000,57619.86000000,56576.04000000,57436.11000000,10012.80891200
219,1620259200000,57436.11000000,57570.00000000,56570.66000000,56797.09000000,9957.85137700
220,1620273600000,56797.09000000,57568.42000000,56331.66000000,56814.79000000,9411.58230500
221,1620288000000,56814.79000000,58360.00000000,56772.75000000,57988.00000000,12460.66657000
222,1620302400000,57988.00000000,58099.00000000,56763.00000000,57088.49000000,12092.18850300
223,1620316800000,57088.48000000,57475.00000000,55200.00000000,56128.42000000,17181.90826300
224,1620331200000,56128.42000000,56794.40000000,55674.13000000,56393.68000000,9077.47489000
225,1620345600000,56393.68000000,57122.17000000,55476.74000000,55705.67000000,13216.07946100
226,1620360000000,55705.67000000,56280.88000000,55241.63000000,55766.34000000,9694.86786100
227,1620374400000,55766.33000000,56784.00000000,55570.35000000,56464.74000000,10430.29368200
228,1620388800000,56464.74000000,57680.00000000,56228.24000000,57519.24000000,14789.91973200
229,1620403200000,57519.25000000,58650.00000000,57132.65000000,57584.01000000,15968.62803300
230,1620417600000,57584.01000000,58074.31000000,56749.75000000,57314.75000000,10442.95906000
231,1620432000000,57315.49000000,58400.00000000,56900.00000000,58099.98000000,9205.85190900
232,1620446400000,58099.86000000,58599.99000000,57500.00000000,58463.06000000,9129.56824000
233,1620460800000,58463.06000000,59379.26000000,58305.00000000,58556.09000000,13405.42534700
234,1620475200000,58556.09000000,59438.64000000,57472.95000000,57599.87000000,16338.47391400
235,1620489600000,57599.86000000,59300.00000000,57560.63000000,59030.56000000,13538.22210600
236,1620504000000,59030.56000000,59500.00000000,58466.00000000,58862.05000000,8092.36451200
237,1620518400000,58866.53000000,59300.00000000,58325.09000000,58632.78000000,11973.23696100
238,1620532800000,58635.72000000,58974.91000000,57575.00000000,57965.59000000,16054.30340800
239,1620547200000,57965.59000000,58400.00000000,57535.61000000,57907.49000000,9774.47663000
240,1620561600000,57907.49000000,58000.00000000,56235.66000000,57379.58000000,15021.12640200
241,1620576000000,57379.58000000,57883.11000000,57048.96000000,57266.97000000,8143.73278200
242,1620590400000,57266.97000000,58439.70000000,57179.18000000,58240.84000000,8839.24372700
243,1620604800000,58240.83000000,59444.90000000,58009.96000000,59356.76000000,10905.20852400
244,1620619200000,59356.77000000,59500.00000000,58355.79000000,58370.17000000,9885.99987900
245,1620633600000,58370.17000000,58593.79000000,57301.81000000,58070.63000000,12483.08317500
246,1620648000000,58070.63000000,58320.00000000,56700.00000000,58296.36000000,16492.41199600
247,1620662400000,58296.35000000,58593.70000000,55516.85000000,55733.76000000,18984.73670000
248,1620676800000,55733.76000000,56269.89000000,53400.00000000,55816.14000000,20834.90897600
249,1620691200000,55816.14000000,56435.48000000,54370.00000000,55142.46000000,14287.87901500
250,1620705600000,55142.44000000,55846.90000000,54589.00000000,55740.09000000,9500.41961300
251,1620720000000,55737.89000000,56190.00000000,55125.71000000,55210.47000000,11000.37109800
252,1620734400000,55210.47000000,56176.00000000,54766.44000000,56052.82000000,13895.31508900
253,1620748800000,56052.83000000,56850.00000000,55750.00000000,56608.94000000,9622.53391700
254,1620763200000,56608.93000000,56862.43000000,56168.98000000,56670.02000000,6023.02181800
255,1620777600000,56670.02000000,57872.18000000,56555.12000000,57756.94000000,10732.22956200
256,1620792000000,57756.95000000,58000.01000000,56882.00000000,57101.07000000,9083.45978400
257,1620806400000,57101.08000000,57195.50000000,55950.45000000,56421.46000000,12121.89404700
258,1620820800000,56421.45000000,56900.00000000,55232.56000000,55479.13000000,16223.01585100
259,1620835200000,55479.13000000,55677.31000000,53500.00000000,54432.39000000,20363.45905800
260,1620849600000,54437.00000000,54751.92000000,48600.00000000,49631.32000000,31318.73153400
261,1620864000000,49537.15000000,50829.98000000,46000.00000000,50461.99000000,42786.02688400
262,1620878400000,50461.99000000,51367.19000000,50282.00000000,50879.72000000,16124.77399100
263,1620892800000,50879.73000000,50950.00000000,48457.12000000,49777.01000000,28154.67405600
264,1620907200000,49777.01000000,50884.34000000,49458.68000000,49627.64000000,17291.35710400
265,1620921600000,49627.63000000,50429.99000000,47000.00000000,48568.85000000,28937.19670200
266,1620936000000,48569.97000000,49879.77000000,48350.00000000,49670.97000000,14037.97338400
267,1620950400000,49671.92000000,50390.70000000,49021.01000000,49157.93000000,13663.10241700
268,1620964800000,49157.94000000,50286.26000000,48799.75000000,49987.20000000,14234.10972800
269,1620979200000,49987.19000000,50958.32000000,49880.00000000,50538.14000000,14914.49714400
270,1620993600000,50538.13000000,51483.00000000,50037.00000000,51211.98000000,13868.25326400
271,1621008000000,51211.98000000,51322.41000000,50083.80000000,50138.09000000,12471.01461000
272,1621022400000,50141.33000000,50294.60000000,49030.00000000,49841.45000000,10931.22714300
273,1621036800000,49844.16000000,50700.00000000,49269.78000000,49627.01000000,10530.44345800
274,1621051200000,49627.02000000,49861.20000000,48400.00000000,48469.28000000,14762.20292200
275,1621065600000,48469.71000000,49298.59000000,47721.84000000,48929.74000000,16135.57094500
276,1621080000000,48929.73000000,49697.63000000,48527.07000000,48982.99000000,14914.28498600
277,1621094400000,48983.00000000,48994.27000000,46900.00000000,48108.40000000,20279.08393200
278,1621108800000,48108.40000000,48738.75000000,46555.00000000,46762.99000000,12815.86311600
279,1621123200000,46762.99000000,48406.44000000,46467.00000000,48383.46000000,12801.10138200
280,1621137600000,48386.62000000,49500.00000000,48034.82000000,49375.28000000,10802.03337500
281,1621152000000,49375.28000000,49795.89000000,48656.00000000,49014.99000000,10956.00658300
282,1621166400000,49014.99000000,49249.06000000,47566.01000000,47727.26000000,14166.96199500
283,1621180800000,47727.26000000,48097.59000000,44444.44000000,45549.26000000,36819.65345600
284,1621195200000,45553.24000000,46480.00000000,43825.39000000,46431.50000000,28724.05598400
285,1621209600000,46426.83000000,46686.00000000,42777.00000000,42915.46000000,28171.85844700
286,1621224000000,42915.46000000,45400.00000000,42196.97000000,45149.18000000,40557.45817000
287,1621238400000,45143.28000000,45800.00000000,44291.84000000,45731.39000000,23851.50751000
288,1621252800000,45733.55000000,45791.04000000,43156.00000000,43362.75000000,23137.98931500
289,1621267200000,43357.00000000,44400.00000000,42001.00000000,44197.73000000,30883.16203900
290,1621281600000,44197.73000000,44939.20000000,42500.00000000,43538.04000000,20055.19725500
291,1621296000000,43538.02000000,45281.34000000,43150.79000000,44779.83000000,19252.91945300
292,1621310400000,44774.78000000,45799.29000000,44738.26000000,45172.70000000,17218.43054900
293,1621324800000,45172.69000000,45662.14000000,44607.08000000,45321.02000000,13102.72960800
294,1621339200000,45318.76000000,45341.84000000,42507.00000000,42969.47000000,29573.28358200
295,1621353600000,42969.46000000,43825.65000000,42371.96000000,43262.71000000,23258.65433400
296,1621368000000,43262.70000000,43522.64000000,42250.02000000,42849.78000000,14573.84325800
297,1621382400000,42849.78000000,43584.90000000,40125.00000000,40591.15000000,36126.91047600
298,1621396800000,40591.99000000,40846.97000000,38550.00000000,40371.44000000,49067.76754900
299,1621411200000,40354.98000000,40888.00000000,36333.00000000,38700.00000000,47653.49786900
300,1621425600000,38700.00000000,39295.51000000,30000.00000000,37318.52000000,121040.67646600
301,1621440000000,37310.14000000,40442.00000000,36111.00000000,39342.93000000,63230.66193300
302,1621454400000,39337.45000000,40200.00000000,36600.01000000,36690.09000000,37227.72886800
303,1621468800000,36671.23000000,38599.00000000,34850.00000000,38341.04000000,48547.69901700
304,1621483200000,38340.01000000,40780.87000000,38202.11000000,39959.68000000,32200.02778400
305,1621497600000,39959.67000000,40690.56000000,38700.00000000,40475.17000000,29967.71724300
306,1621512000000,40476.68000000,42451.67000000,40086.09000000,41432.88000000,38027.21318000
307,1621526400000,41432.88000000,41450.00000000,38110.00000000,40116.04000000,36207.21962400
308,1621540800000,40116.04000000,41900.00000000,39383.52000000,40526.64000000,18067.72007500
309,1621555200000,40525.39000000,42200.00000000,40408.84000000,40666.91000000,16888.74195600
310,1621569600000,40662.00000000,40800.00000000,39222.00000000,39842.57000000,19169.07259400
311,1621584000000,39842.58000000,41230.67000000,39277.00000000,41124.29000000,21578.03074400
312,1621598400000,41124.30000000,41789.40000000,36444.44000000,36794.57000000,60933.59105900
313,1621612800000,36803.28000000,37825.75000000,35501.01000000,36062.12000000,41178.47059500
314,1621627200000,36062.13000000,37447.00000000,33488.00000000,37252.01000000,42352.98131000
315,1621641600000,37263.35000000,38100.00000000,36517.03000000,36951.85000000,23246.89106300
316,1621656000000,36947.31000000,37219.45000000,35200.62000000,36269.28000000,25655.68255500
317,1621670400000,36266.36000000,38827.52000000,36258.96000000,38157.76000000,24609.50253000
318,1621684800000,38157.75000000,38829.00000000,37000.00000000,38162.40000000,23049.09802700
319,1621699200000,38161.92000000,38600.00000000,37158.14000000,37286.65000000,16910.01537100
320,1621713600000,37286.65000000,38400.00000000,37268.76000000,37449.73000000,13071.05414300
321,1621728000000,37458.51000000,38270.64000000,36668.99000000,37421.59000000,14854.36275300
322,1621742400000,37421.59000000,37421.59000000,35530.00000000,35927.69000000,19893.34722900
323,1621756800000,35927.70000000,35930.89000000,33800.59000000,35389.10000000,48344.18958700
324,1621771200000,35386.80000000,35800.00000000,32600.00000000,33318.09000000,53820.33881900
325,1621785600000,33316.42000000,33900.00000000,31111.01000000,33051.73000000,58933.66486200
326,1621800000000,33047.33000000,35000.00000000,33045.31000000,34655.25000000,21290.14334300
327,1621814400000,34681.44000000,35889.00000000,34664.77000000,35251.37000000,22428.73322300
328,1621828800000,35250.56000000,36887.00000000,34031.00000000,36645.79000000,25590.36199700
329,1621843200000,36645.79000000,37922.18000000,35877.52000000,37600.01000000,32135.12366900
330,1621857600000,37600.01000000,38637.70000000,37266.58000000,37539.63000000,32643.66321400
331,1621872000000,37539.64000000,39787.96000000,36818.55000000,39606.10000000,28459.49504700
332,1621886400000,39606.11000000,39920.00000000,37955.42000000,38796.29000000,20373.51682100
333,1621900800000,38810.99000000,39791.77000000,37800.50000000,38304.51000000,21694.80287500
334,1621915200000,38306.43000000,39200.00000000,37608.00000000,38985.06000000,16331.60007600
335,1621929600000,38993.91000000,39110.00000000,36486.00000000,36537.16000000,23406.30178100
336,1621944000000,36537.17000000,38481.18000000,36419.62000000,38277.57000000,27140.25257400
337,1621958400000,38277.55000000,38299.88000000,37011.00000000,37292.69000000,12652.65668900
338,1621972800000,37292.69000000,38753.98000000,37250.01000000,38324.72000000,10770.61440900
339,1621987200000,38324.72000000,39693.66000000,37800.44000000,39503.98000000,16881.43529000
340,1622001600000,39503.98000000,40755.00000000,39000.00000000,40445.79000000,18277.29211000
341,1622016000000,40445.79000000,40841.00000000,39379.79000000,39850.65000000,17436.64866500
342,1622030400000,39850.66000000,40289.75000000,38440.00000000,38758.61000000,23079.23482800
343,1622044800000,38758.62000000,39350.00000000,37900.03000000,38485.10000000,17828.26977400
344,1622059200000,38476.74000000,39450.69000000,38280.19000000,39241.91000000,11277.89272900
345,1622073600000,39241.92000000,39243.10000000,37134.27000000,37621.56000000,15983.29379200
346,1622088000000,37623.64000000,38407.42000000,37204.76000000,38275.47000000,11318.16101800
347,1622102400000,38275.47000000,39888.02000000,37826.08000000,39690.01000000,16212.37977600
348,1622116800000,39690.00000000,40411.14000000,39256.59000000,39667.00000000,18400.64495100
349,1622131200000,39666.99000000,39721.28000000,38500.00000000,38768.35000000,14102.53984400
350,1622145600000,38768.36000000,39187.35000000,38195.19000000,38529.98000000,10530.13941300
351,1622160000000,38529.99000000,38877.83000000,37687.77000000,38237.18000000,11987.45889700
352,1622174400000,38237.10000000,38237.10000000,36442.00000000,36975.93000000,25493.58490400
353,1622188800000,36975.65000000,37250.00000000,35100.00000000,35351.65000000,30447.39510700
354,1622203200000,35351.65000000,37279.98000000,35168.24000000,36749.31000000,22680.51033800
355,1622217600000,36751.59000000,36845.93000000,35551.06000000,35789.30000000,22911.38874700
356,1622232000000,35789.31000000,36240.00000000,34684.00000000,35663.49000000,21857.29172700
357,1622246400000,35661.79000000,36774.44000000,35617.87000000,36458.77000000,13503.57169400
358,1622260800000,36458.77000000,37338.58000000,35604.30000000,36145.02000000,14936.62768100
359,1622275200000,36145.00000000,36350.00000000,34567.89000000,35375.00000000,19419.64730400
360,1622289600000,35375.00000000,35402.34000000,33800.00000000,34416.27000000,28768.89807300
361,1622304000000,34416.26000000,35049.00000000,33632.76000000,34025.43000000,21833.74263300
362,1622318400000,34025.44000000,35100.00000000,33752.30000000,34605.15000000,14200.60530400
363,1622332800000,34605.15000000,34974.99000000,33379.00000000,34770.12000000,14272.27287600
364,1622347200000,34770.13000000,36232.09000000,34631.73000000,35998.33000000,16499.13536200
365,1622361600000,35996.12000000,36420.00000000,35546.42000000,36359.44000000,12233.87155100
366,1622376000000,36359.44000000,36488.00000000,35100.00000000,35477.00000000,13055.15015700
367,1622390400000,35477.00000000,36284.44000000,35300.00000000,36077.59000000,9731.03431700
368,1622404800000,36077.59000000,36350.00000000,35500.00000000,35641.27000000,7743.92270400
369,1622419200000,35641.26000000,36000.00000000,34250.55000000,34489.57000000,14130.86534500
370,1622433600000,34489.58000000,35975.00000000,34153.84000000,35850.17000000,16153.46863900
371,1622448000000,35850.17000000,37195.00000000,35588.08000000,36836.46000000,22947.48623200
372,1622462400000,36836.46000000,37278.03000000,36333.44000000,36961.16000000,18576.75976800
373,1622476800000,36961.16000000,37457.07000000,36510.01000000,36863.67000000,14199.65304700
374,1622491200000,36865.75000000,37499.00000000,36557.30000000,37253.81000000,8152.50225800
375,1622505600000,37253.82000000,37894.81000000,36478.00000000,36704.99000000,14647.05840800
376,1622520000000,36706.80000000,37443.72000000,36561.89000000,36831.58000000,10095.34783300
377,1622534400000,36831.58000000,36939.81000000,35902.43000000,36596.62000000,13819.88776200
378,1622548800000,36596.63000000,37440.00000000,35666.00000000,36235.29000000,22029.82561400
379,1622563200000,36235.28000000,36492.89000000,35716.66000000,35973.87000000,12918.45295800
380,1622577600000,35973.86000000,36800.00000000,35873.08000000,36693.09000000,7724.09119500
381,1622592000000,36694.85000000,36900.00000000,35920.00000000,36472.39000000,8003.51935600
382,1622606400000,36472.38000000,37400.00000000,36472.38000000,37220.00000000,12459.23471900
383,1622620800000,37219.99000000,37538.07000000,36851.45000000,37203.08000000,12842.30359800
384,1622635200000,37203.08000000,38225.00000000,37058.61000000,38040.70000000,17546.73297700
385,1622649600000,38040.69000000,38200.00000000,37727.37000000,37884.57000000,9291.59159200
386,1622664000000,37884.58000000,37929.97000000,37320.00000000,37568.68000000,7443.99025300
387,1622678400000,37568.68000000,37903.14000000,37170.00000000,37634.57000000,8381.71411200
388,1622692800000,37635.24000000,39039.19000000,37600.00000000,38634.09000000,16294.65853700
389,1622707200000,38634.77000000,39476.00000000,38518.96000000,38781.75000000,16219.77488600
390,1622721600000,38781.75000000,39265.25000000,38288.00000000,38535.61000000,17461.33171600
391,1622736000000,38535.60000000,38997.00000000,38431.03000000,38596.64000000,9064.79618800
392,1622750400000,38596.65000000,39450.00000000,38532.31000000,39246.79000000,8466.83057200
393,1622764800000,39246.78000000,39289.07000000,37320.26000000,37933.72000000,17147.96416500
394,1622779200000,37933.73000000,37939.25000000,36218.21000000,36610.29000000,23389.57437200
395,1622793600000,36606.80000000,37028.65000000,36072.82000000,36585.66000000,13162.87543300
396,1622808000000,36585.67000000,37139.00000000,35555.15000000,36948.85000000,21006.88207900
397,1622822400000,36948.86000000,37248.94000000,36708.00000000,36800.99000000,9025.76488200
398,1622836800000,36801.00000000,37246.99000000,36462.42000000,36829.00000000,7584.73831400
399,1622851200000,36829.15000000,37846.60000000,36613.22000000,37410.00000000,9026.45342000
400,1622865600000,37410.04000000,37925.00000000,37410.04000000,37582.14000000,6937.42711300
401,1622880000000,37582.13000000,37850.00000000,35667.00000000,35869.42000000,17020.94441000
402,1622894400000,35869.42000000,36435.00000000,35250.00000000,36321.42000000,16230.48953000
403,1622908800000,36321.42000000,36324.20000000,35692.04000000,35778.94000000,7580.99756600
404,1622923200000,35777.61000000,36016.10000000,34800.00000000,35513.20000000,13663.30945100
405,1622937600000,35516.07000000,36257.34000000,35405.61000000,35989.67000000,8393.51836900
406,1622952000000,35988.56000000,36480.00000000,35701.04000000,36132.57000000,7058.62076500
407,1622966400000,36132.52000000,36414.55000000,35800.93000000,35868.13000000,7201.66281500
408,1622980800000,35868.12000000,36429.28000000,35450.00000000,36157.47000000,9473.72472500
409,1622995200000,36157.47000000,36317.81000000,35705.00000000,35747.15000000,6657.59726700
410,1623009600000,35747.14000000,35995.28000000,35222.00000000,35796.31000000,8865.08269600
411,1623024000000,35796.31000000,36900.00000000,35498.62000000,36392.93000000,11686.91807800
412,1623038400000,36392.94000000,36545.01000000,35850.66000000,36139.99000000,7855.82757100
413,1623052800000,36139.99000000,36591.72000000,35900.52000000,36376.47000000,10325.17770000
414,1623067200000,36376.47000000,36777.47000000,35860.50000000,36035.51000000,10919.49430400
415,1623081600000,36035.35000000,36079.63000000,35328.02000000,35634.46000000,10952.38654000
416,1623096000000,35634.45000000,35744.52000000,33300.00000000,33552.79000000,25835.14838000
417,1623110400000,33556.96000000,34068.01000000,32351.00000000,32817.09000000,27138.25221300
418,1623124800000,32817.09000000,33246.09000000,32123.00000000,32966.70000000,18150.28085000
419,1623139200000,32966.70000000,33373.01000000,32651.52000000,33089.99000000,16467.15770900
420,1623153600000,33084.43000000,33179.23000000,31000.00000000,31705.24000000,28569.80082100
421,1623168000000,31705.25000000,32999.35000000,31563.52000000,32864.18000000,18675.74021600
422,1623182400000,32864.19000000,33841.98000000,32661.95000000,33380.81000000,14249.95722800
423,1623196800000,33380.80000000,33540.47000000,32396.82000000,32863.07000000,13371.48863300
424,1623211200000,32862.25000000,34512.95000000,32536.49000000,34169.05000000,22620.33319900
425,1623225600000,34168.11000000,35045.55000000,33808.00000000,34972.42000000,20888.74579000
426,1623240000000,34972.42000000,36736.00000000,34512.94000000,36357.11000000,38906.50305400
427,1623254400000,36356.42000000,37000.00000000,35650.16000000,36260.45000000,25218.74536000
428,1623268800000,36260.45000000,37534.79000000,36112.00000000,37388.05000000,15601.78148100
429,1623283200000,37388.05000000,37666.11000000,36751.07000000,36959.69000000,15106.20934800
430,1623297600000,36959.70000000,37220.99000000,36500.00000000,36962.14000000,12050.34945900
431,1623312000000,36962.12000000,38491.00000000,36242.57000000,37818.54000000,29837.78566900
432,1623326400000,37819.27000000,38198.23000000,36612.00000000,36896.75000000,23315.07767800
433,1623340800000,36896.65000000,37150.00000000,36100.00000000,36675.09000000,15795.99163100
434,1623355200000,36675.10000000,37088.00000000,35782.00000000,36675.72000000,13421.87115800
435,1623369600000,36677.83000000,37300.00000000,35936.77000000,36754.40000000,13593.74551400
436,1623384000000,36754.41000000,37435.00000000,36390.32000000,37147.55000000,13931.72954000
437,1623398400000,37147.56000000,37680.40000000,36921.00000000,37378.82000000,14475.66291400
438,1623412800000,37378.82000000,37589.00000000,36747.62000000,36818.41000000,12282.87087400
439,1623427200000,36818.42000000,37419.01000000,36511.52000000,37246.77000000,12329.34358200
440,1623441600000,37246.76000000,37498.58000000,36745.00000000,37331.98000000,11852.65287600
441,1623456000000,37331.98000000,37463.63000000,35277.00000000,35571.19000000,24477.86472000
442,1623470400000,35572.84000000,35726.68000000,35000.00000000,35289.06000000,15392.99260300
443,1623484800000,35289.06000000,35900.00000000,34600.36000000,35596.70000000,18010.31080800
444,1623499200000,35597.50000000,36238.00000000,35315.00000000,35384.96000000,14248.78019900
445,1623513600000,35384.96000000,35997.67000000,35300.00000000,35730.00000000,8363.09787400
446,1623528000000,35730.01000000,36143.93000000,35420.32000000,35546.11000000,7224.50378600
447,1623542400000,35546.12000000,35926.96000000,34816.02000000,34867.80000000,9711.33353200
448,1623556800000,34867.81000000,35499.86000000,34757.00000000,35280.02000000,8911.50791600
449,1623571200000,35282.02000000,36099.00000000,35171.55000000,35904.03000000,10701.32834800
450,1623585600000,35904.02000000,36150.00000000,35670.00000000,36034.97000000,9405.69857500
451,1623600000000,36034.96000000,37750.14000000,35970.00000000,37650.00000000,22064.60781000
452,1623614400000,37650.00000000,39380.00000000,37636.18000000,39020.57000000,26126.54937400
453,1623628800000,39020.56000000,39800.00000000,38730.00000000,38975.14000000,19015.54058600
454,1623643200000,38975.14000000,39700.00000000,38782.34000000,39555.24000000,12639.85818600
455,1623657600000,39555.25000000,39629.01000000,38820.00000000,39166.33000000,13481.89623600
456,1623672000000,39166.33000000,41064.05000000,39040.00000000,40685.37000000,32269.37525900
457,1623686400000,40685.37000000,40740.03000000,39323.10000000,39716.06000000,19945.82700500
458,1623700800000,39716.06000000,40605.87000000,39602.00000000,40516.29000000,11169.89467700
459,1623715200000,40516.28000000,40900.00000000,39856.60000000,40404.86000000,12104.79445500
460,1623729600000,40403.13000000,40580.00000000,40100.00000000,40365.74000000,8921.67520900
461,1623744000000,40367.41000000,40400.00000000,39531.00000000,39839.90000000,13863.18214500
462,1623758400000,39839.90000000,40450.00000000,39720.00000000,40065.01000000,12670.08089400
463,1623772800000,40065.01000000,41330.00000000,39768.00000000,39958.01000000,22512.74592500
464,1623787200000,39957.76000000,40365.27000000,39506.40000000,40144.04000000,10607.14421000
465,1623801600000,40143.80000000,40181.95000000,39610.00000000,40013.63000000,7196.47463300
466,1623816000000,40013.64000000,40527.14000000,39840.00000000,40126.87000000,14664.54418400
467,1623830400000,40126.87000000,40260.14000000,38877.46000000,39080.01000000,16161.83647700
468,1623844800000,39080.01000000,39504.99000000,38565.00000000,38775.66000000,16463.57803900
469,1623859200000,38775.66000000,39735.52000000,38301.68000000,38680.11000000,23114.72511500
470,1623873600000,38680.10000000,38925.00000000,38116.01000000,38349.01000000,10170.81848900
471,1623888000000,38349.00000000,38978.75000000,38213.23000000,38865.05000000,8985.15627900
472,1623902400000,38865.05000000,39400.00000000,38644.40000000,39207.36000000,11394.73100000
473,1623916800000,39208.67000000,39559.88000000,39057.27000000,39146.36000000,10847.19742600
474,1623931200000,39148.26000000,39195.90000000,38411.39000000,39007.91000000,15961.09659000
475,1623945600000,39008.01000000,39111.56000000,37505.00000000,37702.53000000,21600.73207300
476,1623960000000,37702.53000000,38258.00000000,37365.00000000,38092.97000000,10752.39375100
477,1623974400000,38092.97000000,38202.84000000,37213.00000000,37926.79000000,11186.10112500
478,1623988800000,37926.78000000,38148.11000000,37377.00000000,37715.03000000,10812.07648700
479,1624003200000,37715.04000000,38029.99000000,37063.80000000,37821.95000000,15124.11803400
480,1624017600000,37818.57000000,37948.55000000,36278.50000000,36355.10000000,24222.20162500
481,1624032000000,36355.97000000,36818.44000000,35129.29000000,35327.24000000,22970.08792300
482,1624046400000,35323.65000000,35928.39000000,35232.26000000,35819.84000000,10913.45774100
483,1624060800000,35820.48000000,36297.30000000,34803.52000000,35103.44000000,14164.14833600
484,1624075200000,35103.44000000,35873.90000000,34961.39000000,35785.96000000,12578.95653600
485,1624089600000,35785.95000000,35995.00000000,35561.81000000,35940.22000000,8978.99194300
486,1624104000000,35940.22000000,36457.00000000,35550.00000000,36114.85000000,15007.23098800
487,1624118400000,36114.85000000,36210.00000000,35360.08000000,35943.65000000,10375.91885900
488,1624132800000,35943.65000000,36200.00000000,35394.75000000,35483.72000000,7607.20279900
489,1624147200000,35483.72000000,35800.00000000,35119.21000000,35527.24000000,8060.73368900
490,1624161600000,35527.25000000,35922.00000000,35363.02000000,35637.71000000,7298.44262600
491,1624176000000,35637.72000000,35693.88000000,33724.48000000,33872.90000000,24304.19049100
492,1624190400000,33870.56000000,34666.00000000,33336.00000000,34422.71000000,23737.23966600
493,1624204800000,34422.11000000,35700.92000000,34289.00000000,35502.82000000,13435.42780100
494,1624219200000,35502.83000000,36137.72000000,35380.00000000,35600.16000000,13042.13657700
495,1624233600000,35600.17000000,35750.00000000,34566.82000000,34649.63000000,12048.18009000
496,1624248000000,34651.86000000,34725.82000000,32266.00000000,33025.50000000,38363.45210800
497,1624262400000,33025.50000000,33577.12000000,31710.00000000,32520.56000000,46870.92431700
498,1624276800000,32530.68000000,33222.22000000,31927.91000000,32687.99000000,26966.55245500
499,1624291200000,32685.84000000,33000.00000000,32034.52000000,32563.89000000,18931.96224300
500,1624305600000,32563.89000000,32800.00000000,31251.23000000,31608.93000000,25597.80194600
501,1624320000000,31614.12000000,33260.00000000,31168.00000000,33018.22000000,23909.81423900
502,1624334400000,33018.21000000,33109.81000000,32479.00000000,32648.98000000,10838.81438400
503,1624348800000,32647.96000000,32658.63000000,31112.00000000,31243.41000000,31110.25148000
504,1624363200000,31236.53000000,31980.00000000,28805.00000000,31708.08000000,86060.16240000
505,1624377600000,31707.56000000,33298.78000000,31620.00000000,32404.06000000,37371.54578400
506,1624392000000,32404.06000000,32987.00000000,32150.00000000,32509.56000000,14917.59147500
507,1624406400000,32509.56000000,34444.00000000,31683.00000000,33966.43000000,32702.64456400
508,1624420800000,33969.69000000,34392.10000000,33574.11000000,33982.26000000,18440.42542600
509,1624435200000,33982.26000000,34500.00000000,33650.21000000,33911.39000000,18341.76516900
510,1624449600000,33911.40000000,34881.00000000,33400.30000000,33490.14000000,28265.87314500
511,1624464000000,33490.14000000,33947.17000000,32870.99000000,32879.97000000,16689.64372800
512,1624478400000,32882.50000000,33785.26000000,32749.01000000,33678.07000000,12525.74853100
513,1624492800000,33675.07000000,33879.99000000,32339.82000000,32589.20000000,14734.38687800
514,1624507200000,32589.20000000,33280.55000000,32286.57000000,32853.74000000,13051.05590800
515,1624521600000,32853.74000000,33930.23000000,32820.61000000,33850.77000000,13506.33742900
516,1624536000000,33850.78000000,34583.58000000,33756.04000000,33886.52000000,18730.79426700
517,1624550400000,33888.81000000,35298.00000000,33751.00000000,34857.73000000,18670.72420200
518,1624564800000,34854.63000000,34999.09000000,34512.00000000,34663.09000000,7932.50557600
519,1624579200000,34663.08000000,35500.00000000,34251.00000000,35052.07000000,14634.09345600
520,1624593600000,35057.70000000,35100.00000000,33961.48000000,34283.82000000,12494.56734700
521,1624608000000,34281.37000000,34480.00000000,33234.37000000,33311.96000000,19245.55540900
522,1624622400000,33311.96000000,33600.77000000,32351.00000000,32607.07000000,26868.15801900
523,1624636800000,32607.07000000,32910.64000000,31500.00000000,32220.74000000,28395.53499100
524,1624651200000,32222.91000000,32369.00000000,31275.00000000,31584.45000000,14423.22113400
525,1624665600000,31576.09000000,32268.91000000,31300.00000000,31977.59000000,12066.94798800
526,1624680000000,31979.71000000,32730.00000000,30573.77000000,30720.37000000,21059.90293200
527,1624694400000,30713.54000000,31883.60000000,30151.00000000,31777.73000000,28487.35290100
528,1624708800000,31777.90000000,31985.00000000,30505.00000000,31523.50000000,22191.32758200
529,1624723200000,31526.88000000,31910.00000000,30776.63000000,31573.98000000,13194.03851400
530,1624737600000,31573.97000000,32300.24000000,30905.78000000,32283.65000000,10820.80537000
531,1624752000000,32283.65000000,33200.00000000,31973.45000000,33146.91000000,20041.66289800
532,1624766400000,33146.91000000,33499.00000000,32811.90000000,33283.17000000,13758.16228000
533,1624780800000,33291.81000000,33451.00000000,32268.00000000,33246.55000000,18424.57704400
534,1624795200000,33246.56000000,33574.32000000,32717.52000000,33200.02000000,13308.27972100
535,1624809600000,33200.06000000,33400.00000000,32574.28000000,32815.19000000,10413.35419200
536,1624824000000,32815.18000000,34749.00000000,32357.13000000,34700.34000000,20667.20807600
537,1624838400000,34702.49000000,34972.28000000,34254.75000000,34398.36000000,12050.24968700
538,1624852800000,34395.03000000,35297.71000000,34275.87000000,35028.69000000,14393.10774200
539,1624867200000,35028.69000000,35172.21000000,33960.00000000,34107.20000000,18422.22846400
540,1624881600000,34107.20000000,35000.00000000,33862.72000000,34969.99000000,16668.80628300
541,1624896000000,34969.98000000,35030.92000000,33931.00000000,34441.77000000,13191.36247300
542,1624910400000,34441.77000000,34819.00000000,34112.03000000,34494.89000000,7496.51317000
543,1624924800000,34494.89000000,35169.56000000,34225.43000000,34577.16000000,10660.33582900
544,1624939200000,34577.09000000,35448.00000000,34534.00000000,34849.27000000,13902.37626900
545,1624953600000,34849.20000000,35768.90000000,34730.00000000,35555.62000000,18117.62780300
546,1624968000000,35555.64000000,36428.00000000,35343.12000000,36248.99000000,24761.57340200
547,1624982400000,36248.99000000,36600.00000000,36050.00000000,36382.39000000,12608.46703400
548,1624996800000,36382.39000000,36488.70000000,35700.01000000,35911.73000000,10738.41588300
549,1625011200000,35911.72000000,36100.00000000,34936.00000000,35119.99000000,10635.08798300
550,1625025600000,35119.99000000,35290.97000000,34666.00000000,35250.54000000,14395.66873700
551,1625040000000,35250.54000000,35333.33000000,34401.01000000,34849.99000000,13891.52965400
552,1625054400000,34849.99000000,35010.85000000,34083.92000000,34193.44000000,13930.30833100
553,1625068800000,34193.44000000,34899.00000000,34017.55000000,34743.56000000,12128.06155200
554,1625083200000,34743.56000000,35194.04000000,34391.43000000,35045.00000000,12171.54137700
555,1625097600000,35045.00000000,35057.57000000,34120.00000000,34120.01000000,9448.17188900
556,1625112000000,34120.01000000,34467.09000000,33312.52000000,33348.30000000,15251.68312800
557,1625126400000,33350.00000000,33749.00000000,33001.00000000,33717.52000000,13370.62460000
558,1625140800000,33717.52000000,33917.93000000,33055.00000000,33432.54000000,13280.17268200
559,1625155200000,33432.54000000,33654.49000000,32711.00000000,33091.48000000,12799.47703300
560,1625169600000,33091.48000000,33649.00000000,33091.48000000,33504.69000000,7558.13678000
561,1625184000000,33502.33000000,33977.04000000,32767.74000000,32907.22000000,9793.72481800
562,1625198400000,32907.22000000,33500.36000000,32699.00000000,33358.26000000,9171.45818500
563,1625212800000,33358.32000000,33620.00000000,32770.00000000,33023.01000000,10637.55849500
564,1625227200000,33023.35000000,33724.34000000,32872.00000000,33704.91000000,12912.41869700
565,1625241600000,33704.90000000,33795.16000000,33109.76000000,33327.71000000,7029.74519600
566,1625256000000,33327.71000000,33898.95000000,33041.65000000,33786.55000000,6627.27598700
567,1625270400000,33786.54000000,33914.60000000,33316.73000000,33524.47000000,5473.35392900
568,1625284800000,33524.48000000,34663.48000000,33444.25000000,34499.54000000,9114.37611100
569,1625299200000,34499.53000000,34780.00000000,34406.00000000,34608.04000000,9722.86069300
570,1625313600000,34608.04000000,34816.50000000,34470.00000000,34608.48000000,5945.66025100
571,1625328000000,34608.48000000,34945.61000000,34485.49000000,34745.98000000,5599.18908100
572,1625342400000,34745.99000000,34914.76000000,34250.48000000,34669.13000000,7189.13857600
573,1625356800000,34669.12000000,34771.64000000,34357.15000000,34641.61000000,4554.15036100
574,1625371200000,34641.62000000,35727.00000000,34621.41000000,35600.63000000,12944.36734100
575,1625385600000,35603.02000000,35687.18000000,35364.21000000,35512.34000000,6624.02832100
576,1625400000000,35512.34000000,35572.72000000,35230.76000000,35513.29000000,5663.23474000
577,1625414400000,35513.28000000,35687.54000000,35385.00000000,35575.01000000,5385.77536400
578,1625428800000,35575.01000000,35967.85000000,35135.00000000,35286.51000000,8531.91966200
579,1625443200000,35288.13000000,35293.78000000,34180.18000000,34350.89000000,11996.62204400
580,1625457600000,34351.25000000,34415.64000000,34000.00000000,34256.17000000,10134.85081900
581,1625472000000,34257.37000000,34558.99000000,33300.00000000,33379.96000000,13547.30267600
582,1625486400000,33379.96000000,33777.00000000,33301.22000000,33585.91000000,10002.89574000
583,1625500800000,33585.89000000,34274.33000000,33125.55000000,34117.97000000,11504.59106800
584,1625515200000,34117.98000000,34210.00000000,33670.01000000,33690.14000000,6937.61189800
585,1625529600000,33690.15000000,34169.10000000,33634.76000000,33920.69000000,5629.95420000
586,1625544000000,33920.69000000,34959.73000000,33908.09000000,34874.85000000,11865.17587500
587,1625558400000,34874.85000000,35118.88000000,33730.00000000,34067.31000000,15276.33286700
588,1625572800000,34067.31000000,34516.38000000,33800.01000000,34042.43000000,11702.40108800
589,1625587200000,34042.44000000,34190.00000000,33532.00000000,34019.99000000,8290.83775700
590,1625601600000,34019.99000000,34323.77000000,33628.81000000,34220.01000000,5445.89456200
591,1625616000000,34220.02000000,34530.00000000,33941.00000000,34446.50000000,11101.28221200
592,1625630400000,34445.55000000,34919.28000000,34373.02000000,34710.38000000,11129.03116000
593,1625644800000,34710.40000000,34989.00000000,34457.11000000,34827.96000000,8225.43788100
594,1625659200000,34827.97000000,35059.09000000,34477.13000000,34528.60000000,9621.90750600
595,1625673600000,34528.60000000,34784.00000000,34412.43000000,34628.72000000,5806.11186800
596,1625688000000,34628.71000000,34628.71000000,33777.77000000,33862.12000000,7923.75104800
597,1625702400000,33862.11000000,33929.64000000,33066.00000000,33305.65000000,14140.83217200
598,1625716800000,33305.66000000,33512.53000000,32242.07000000,32487.57000000,16322.33581200
599,1625731200000,32487.56000000,32748.88000000,32077.00000000,32696.44000000,15022.67098000
600,1625745600000,32696.43000000,32988.87000000,32350.00000000,32900.01000000,10513.95442800
601,1625760000000,32900.05000000,33177.06000000,32641.36000000,33003.52000000,7693.81997600
602,1625774400000,33002.45000000,33067.09000000,32508.00000000,32875.71000000,6442.86695200
603,1625788800000,32875.71000000,33100.00000000,32261.07000000,32941.81000000,10152.73352900
604,1625803200000,32941.81000000,33310.00000000,32742.00000000,32910.21000000,7671.50457200
605,1625817600000,32902.13000000,33065.00000000,32598.00000000,32774.99000000,6198.98094400
606,1625832000000,32774.99000000,33682.43000000,32635.08000000,33558.67000000,11898.29508100
607,1625846400000,33558.81000000,33696.40000000,33287.00000000,33445.31000000,4967.91252400
608,1625860800000,33445.31000000,34100.00000000,33374.83000000,33815.81000000,6264.51324900
609,1625875200000,33815.81000000,34262.00000000,33631.00000000,33800.03000000,6746.82997100
610,1625889600000,33800.04000000,33909.67000000,33458.84000000,33766.01000000,5186.81936800
611,1625904000000,33766.01000000,33950.00000000,33565.00000000,33793.94000000,5564.21435700
612,1625918400000,33793.95000000,33943.40000000,33634.16000000,33862.54000000,4351.61998800
613,1625932800000,33862.55000000,34192.00000000,33223.31000000,33409.92000000,8230.26531700
614,1625947200000,33411.41000000,33698.99000000,33004.78000000,33502.87000000,4681.42646700
615,1625961600000,33502.87000000,33817.83000000,33387.72000000,33448.97000000,4140.62240700
616,1625976000000,33448.97000000,33642.74000000,33306.47000000,33508.83000000,3654.10805200
617,1625990400000,33508.82000000,33870.00000000,33424.84000000,33814.84000000,5115.48880100
618,1626004800000,33814.82000000,33994.69000000,33654.36000000,33948.68000000,4991.53490000
619,1626019200000,33948.68000000,34123.08000000,33779.68000000,33894.57000000,4947.45172100
620,1626033600000,33894.57000000,34666.00000000,33710.94000000,34258.99000000,8723.44156700
621,1626048000000,34259.00000000,34537.39000000,34006.92000000,34447.92000000,6394.39918900
622,1626062400000,34447.92000000,34678.43000000,34160.39000000,34281.74000000,6643.00024400
623,1626076800000,34281.74000000,34488.27000000,33525.66000000,33530.00000000,9513.20322100
624,1626091200000,33530.00000000,33636.92000000,33316.20000000,33337.49000000,7924.80962700
625,1626105600000,33337.49000000,33441.00000000,32750.00000000,32822.85000000,10522.02244800
626,1626120000000,32822.85000000,33284.99000000,32658.34000000,33086.63000000,7183.96903300
627,1626134400000,33086.94000000,33229.00000000,32830.98000000,33071.14000000,4947.52162800
628,1626148800000,33071.13000000,33333.33000000,32742.01000000,33180.08000000,6496.09788200
629,1626163200000,33180.11000000,33340.00000000,32912.29000000,33042.61000000,5782.92672500
630,1626177600000,33042.61000000,33049.00000000,32280.00000000,32790.08000000,12381.56509900
631,1626192000000,32791.71000000,32956.26000000,32231.42000000,32309.69000000,6807.50154200
632,1626206400000,32309.69000000,32750.00000000,32202.25000000,32729.77000000,4710.74813200
633,1626220800000,32729.12000000,32807.41000000,31650.61000000,31830.01000000,9403.24457900
634,1626235200000,31830.01000000,32015.98000000,31655.83000000,31920.01000000,7033.82720000
635,1626249600000,31920.01000000,32707.27000000,31550.00000000,32451.99000000,10994.01987300
636,1626264000000,32450.95000000,32959.21000000,32280.00000000,32786.00000000,9288.74929000
637,1626278400000,32786.01000000,33114.03000000,32564.44000000,32729.76000000,5992.57338800
638,1626292800000,32729.77000000,33063.82000000,32681.00000000,32820.02000000,4065.40915400
639,1626307200000,32820.03000000,33185.25000000,32580.12000000,32641.65000000,6148.80327400
640,1626321600000,32641.66000000,32691.42000000,32359.65000000,32469.50000000,5710.03684500
641,1626336000000,32468.30000000,32620.31000000,31800.00000000,31880.50000000,10566.21097500
642,1626350400000,31880.50000000,32152.97000000,31455.00000000,31677.01000000,11900.64235400
643,1626364800000,31678.50000000,31800.00000000,31133.00000000,31533.62000000,11274.22424100
644,1626379200000,31538.92000000,31898.00000000,31503.35000000,31880.00000000,6039.65866400
645,1626393600000,31874.49000000,32049.45000000,31556.95000000,31914.89000000,7547.70563000
646,1626408000000,31914.90000000,32020.00000000,31548.15000000,31774.49000000,5955.45935000
647,1626422400000,31779.98000000,31779.99000000,31020.00000000,31086.53000000,9817.25964500
648,1626436800000,31086.52000000,32212.52000000,31067.43000000,32127.39000000,12455.17198000
649,1626451200000,32127.40000000,32249.18000000,31810.00000000,31911.34000000,7164.49523700
650,1626465600000,31911.34000000,31987.00000000,31336.98000000,31383.87000000,5559.77231200
651,1626480000000,31383.86000000,31642.64000000,31164.31000000,31306.56000000,6640.36116100
652,1626494400000,31306.57000000,31590.94000000,31190.00000000,31513.64000000,4254.42071000
653,1626508800000,31513.64000000,31955.92000000,31250.00000000,31391.33000000,7911.89144800
654,1626523200000,31391.34000000,31772.02000000,31341.16000000,31764.75000000,6390.01417000
655,1626537600000,31763.98000000,31920.00000000,31537.00000000,31834.33000000,4771.87229400
656,1626552000000,31834.33000000,31898.50000000,31480.66000000,31520.07000000,4043.68234900
657,1626566400000,31520.07000000,32435.00000000,31463.00000000,32166.00000000,9525.16544000
658,1626580800000,32166.00000000,32190.45000000,31680.01000000,31712.10000000,4236.03886000
659,1626595200000,31712.10000000,31868.53000000,31565.58000000,31801.01000000,5175.57309600
660,1626609600000,31801.79000000,31849.54000000,31108.97000000,31365.60000000,7538.71336200
661,1626624000000,31365.60000000,31763.11000000,31290.00000000,31643.80000000,4220.05353500
662,1626638400000,31642.91000000,31943.00000000,31420.00000000,31778.56000000,5228.17189300
663,1626652800000,31778.57000000,31861.79000000,31431.87000000,31541.57000000,4294.21150700
664,1626667200000,31541.58000000,31899.00000000,31523.28000000,31604.33000000,5716.09888800
665,1626681600000,31604.32000000,31669.73000000,31155.00000000,31265.92000000,7788.61964100
666,1626696000000,31267.84000000,31375.00000000,30407.44000000,30687.96000000,19316.74319300
667,1626710400000,30687.84000000,30857.61000000,30520.01000000,30744.97000000,5549.81822100
668,1626724800000,30744.84000000,30984.40000000,30691.72000000,30839.65000000,4674.97704900
669,1626739200000,30839.65000000,31063.07000000,29501.00000000,29600.46000000,18338.74350400
670,1626753600000,29600.46000000,29938.71000000,29505.95000000,29821.73000000,9286.99603500
671,1626768000000,29821.72000000,29888.18000000,29278.00000000,29692.79000000,10902.61869100
672,1626782400000,29693.63000000,29988.00000000,29279.13000000,29888.36000000,10561.03842700
673,1626796800000,29890.80000000,29984.82000000,29605.00000000,29780.86000000,5908.47178000
674,1626811200000,29780.87000000,29994.41000000,29500.00000000,29790.35000000,6036.18058000
675,1626825600000,29790.34000000,29910.00000000,29482.61000000,29845.10000000,5859.10788900
676,1626840000000,29845.11000000,30942.42000000,29830.51000000,30817.84000000,14240.03811700
677,1626854400000,30817.84000000,31655.00000000,30716.37000000,31534.11000000,13814.79953400
678,1626868800000,31534.12000000,31969.99000000,31419.60000000,31933.00000000,13106.88962300
679,1626883200000,31934.54000000,32858.00000000,31584.52000000,31627.57000000,26170.73184900
680,1626897600000,31627.58000000,32247.63000000,31516.30000000,32144.51000000,9604.69811600
681,1626912000000,32144.51000000,32376.78000000,31777.00000000,31929.64000000,7470.53810200
682,1626926400000,31929.64000000,32344.90000000,31860.00000000,32129.75000000,6901.99442100
683,1626940800000,32129.74000000,32259.00000000,31708.00000000,31913.64000000,8953.17434700
684,1626955200000,31913.64000000,32584.06000000,31724.39000000,32504.82000000,11055.71644200
685,1626969600000,32504.83000000,32591.35000000,32222.00000000,32376.93000000,6869.40627000
686,1626984000000,32376.93000000,32487.19000000,32051.85000000,32287.83000000,4897.26285100
687,1626998400000,32287.58000000,32799.00000000,32201.02000000,32594.46000000,7723.29299200
688,1627012800000,32592.21000000,32915.00000000,32360.67000000,32490.00000000,7291.84756700
689,1627027200000,32489.99000000,32540.20000000,32210.00000000,32296.51000000,7547.76092300
690,1627041600000,32296.51000000,32599.86000000,32214.32000000,32315.00000000,6101.81994400
691,1627056000000,32314.99000000,32334.68000000,31924.32000000,32248.63000000,7081.55702000
692,1627070400000,32248.64000000,33650.00000000,32193.06000000,33634.09000000,14366.58518000
693,1627084800000,33634.10000000,33780.23000000,33401.14000000,33669.98000000,9212.22380600
694,1627099200000,33669.98000000,33934.25000000,33571.73000000,33806.50000000,7366.57808500
695,1627113600000,33806.49000000,34065.71000000,33542.40000000,33867.00000000,7637.06902200
696,1627128000000,33867.00000000,34047.86000000,33720.01000000,33847.51000000,6717.07085700
697,1627142400000,33847.51000000,34500.00000000,33703.73000000,33846.16000000,11502.63463700
698,1627156800000,33846.16000000,34283.42000000,33667.01000000,34258.14000000,5541.97373100
699,1627171200000,34261.51000000,34436.44000000,33851.12000000,34160.85000000,6479.03542300
700,1627185600000,34160.85000000,34785.33000000,34064.71000000,34695.51000000,8581.99757300
701,1627200000000,34695.51000000,34800.00000000,34238.56000000,34399.04000000,7805.78052700
702,1627214400000,34399.04000000,34434.06000000,33862.45000000,34174.08000000,8883.15147200
703,1627228800000,34174.08000000,34600.00000000,34090.63000000,34353.25000000,6901.21621500
704,1627243200000,34353.24000000,35398.00000000,34300.00000000,35381.02000000,9201.74710300
705,1627257600000,35381.02000000,39799.97000000,35205.78000000,38283.98000000,44848.51316200
706,1627272000000,38283.97000000,39265.17000000,37724.03000000,38150.00000000,20170.32045800
707,1627286400000,38149.99000000,38738.51000000,37661.70000000,38473.61000000,15469.51928500
708,1627300800000,38473.61000000,38880.00000000,37902.00000000,38562.21000000,14097.34812200
709,1627315200000,38562.21000000,40550.00000000,38492.31000000,39365.15000000,26121.20060300
710,1627329600000,39361.36000000,39510.96000000,36764.93000000,37237.60000000,31745.61109400
711,1627344000000,37241.33000000,37523.75000000,36383.00000000,36823.80000000,17410.42776200
712,1627358400000,36823.81000000,37325.71000000,36675.34000000,37115.11000000,10241.35732900
713,1627372800000,37115.10000000,38069.32000000,36969.52000000,38064.87000000,13230.90219300
714,1627387200000,38064.87000000,38771.91000000,37707.66000000,38209.58000000,20708.61988600
715,1627401600000,38209.58000000,38315.81000000,37350.00000000,37800.49000000,13516.22572300
716,1627416000000,37800.49000000,39542.61000000,37798.02000000,39457.87000000,13289.73412200
717,1627430400000,39456.61000000,40350.00000000,38904.11000000,39817.56000000,18736.76112900
718,1627444800000,39817.56000000,40183.67000000,39226.76000000,39895.88000000,13044.26039000
719,1627459200000,39897.97000000,40900.00000000,39359.21000000,40750.84000000,18688.60041200
720,1627473600000,40750.84000000,40871.59000000,39329.40000000,39689.04000000,20050.24891900
721,1627488000000,39689.04000000,40680.07000000,38772.00000000,40388.61000000,21791.61378500
722,1627502400000,40388.61000000,40388.61000000,39586.20000000,40019.56000000,9033.04380600
723,1627516800000,40019.57000000,40278.48000000,39200.00000000,39609.78000000,7942.15859800
724,1627531200000,39609.78000000,40270.53000000,39491.99000000,39934.62000000,7886.69517200
725,1627545600000,39935.00000000,40640.00000000,39501.78000000,39769.99000000,12722.69176900
726,1627560000000,39769.99000000,40143.74000000,39450.00000000,39939.33000000,9780.14414100
727,1627574400000,39939.32000000,40177.00000000,39390.00000000,39659.84000000,8247.47837600
728,1627588800000,39659.84000000,40419.30000000,39489.55000000,40016.48000000,7419.27122700
729,1627603200000,40018.49000000,40250.00000000,39742.59000000,39969.99000000,6810.12185600
730,1627617600000,39969.99000000,40030.00000000,39582.96000000,39726.01000000,7140.96040700
731,1627632000000,39726.00000000,39763.14000000,38313.23000000,38642.46000000,17816.37119200
732,1627646400000,38650.00000000,39161.97000000,38528.60000000,39073.85000000,7085.85344100
733,1627660800000,39072.65000000,39871.45000000,38871.74000000,39853.72000000,6298.82815300
734,1627675200000,39860.64000000,42316.71000000,39685.00000000,42206.37000000,28450.64975600
735,1627689600000,42206.36000000,42448.00000000,41627.60000000,41810.01000000,11056.64972000
736,1627704000000,41810.00000000,41876.34000000,41181.00000000,41540.32000000,7430.33264900
737,1627718400000,41540.31000000,41980.00000000,41337.02000000,41592.15000000,7037.95550600
738,1627732800000,41592.14000000,41746.64000000,41000.15000000,41537.83000000,6488.56398400
739,1627747200000,41535.71000000,41625.71000000,41033.00000000,41303.63000000,4894.69844800
740,1627761600000,41303.64000000,41984.73000000,41132.51000000,41461.83000000,7941.59070500
741,1627776000000,41461.84000000,42599.00000000,41120.00000000,42435.13000000,9535.62008500
742,1627790400000,42430.41000000,42441.26000000,41580.00000000,41701.26000000,7047.09903200
743,1627804800000,41701.25000000,41948.00000000,41325.00000000,41587.01000000,6239.30318900
744,1627819200000,41587.00000000,41810.00000000,41160.00000000,41286.98000000,6000.64521500
745,1627833600000,41286.99000000,41489.07000000,40600.00000000,41263.35000000,12022.76269600
746,1627848000000,41263.34000000,41500.00000000,39422.01000000,39845.44000000,13107.75610900
747,1627862400000,39850.27000000,40099.36000000,39250.00000000,39785.59000000,8426.72383400
748,1627876800000,39785.60000000,40480.01000000,39591.51000000,40104.45000000,7699.76667400
749,1627891200000,40104.45000000,40171.87000000,39319.00000000,39542.42000000,9194.08834400
750,1627905600000,39542.43000000,39818.18000000,38907.51000000,39705.12000000,10399.63937200
751,1627920000000,39705.12000000,39975.96000000,39012.17000000,39177.85000000,6981.93999900
752,1627934400000,39177.85000000,39545.24000000,38690.00000000,39147.82000000,8135.19373100
753,1627948800000,39146.86000000,39780.00000000,38512.00000000,38655.74000000,10785.42673800
754,1627963200000,38658.48000000,38828.59000000,37955.52000000,38593.44000000,10440.41683100
755,1627977600000,38593.43000000,38809.00000000,38315.00000000,38490.01000000,6220.13951900
756,1627992000000,38490.02000000,38703.00000000,37703.75000000,38169.44000000,14444.48130900
757,1628006400000,38169.45000000,38550.24000000,37642.03000000,38011.37000000,9155.33026800
758,1628020800000,38008.80000000,38643.00000000,37870.00000000,38207.05000000,6071.64118800
759,1628035200000,38207.04000000,38566.82000000,37890.54000000,37976.81000000,5603.62062800
760,1628049600000,37976.82000000,38213.99000000,37674.18000000,37828.84000000,7233.66204600
761,1628064000000,37828.84000000,38260.00000000,37508.56000000,38160.06000000,7663.71238700
762,1628078400000,38160.06000000,39472.47000000,38154.32000000,39302.00000000,16338.83650700
763,1628092800000,39302.00000000,39850.00000000,39240.20000000,39752.17000000,8424.94071000
764,1628107200000,39752.17000000,39969.66000000,39517.19000000,39723.18000000,7064.58015200
765,1628121600000,39723.17000000,39849.61000000,39167.00000000,39435.09000000,7934.42098500
766,1628136000000,39438.06000000,39530.60000000,38722.00000000,38870.59000000,6885.03536900
767,1628150400000,38870.58000000,38958.64000000,37821.00000000,38008.38000000,13385.77972200
768,1628164800000,38008.45000000,39370.00000000,37332.70000000,38750.01000000,23764.28639000
769,1628179200000,38750.00000000,41350.00000000,38737.31000000,40692.24000000,23948.94854500
770,1628193600000,40692.24000000,41290.01000000,40666.10000000,40862.46000000,8425.28461000
771,1628208000000,40862.46000000,41015.99000000,39900.39000000,40219.47000000,10179.81266500
772,1628222400000,40219.47000000,41199.99000000,39853.86000000,40729.59000000,10471.63135600
773,1628236800000,40731.00000000,41120.00000000,40387.77000000,40507.56000000,9492.76406500
774,1628251200000,40507.56000000,42455.73000000,40300.00000000,42199.98000000,16989.75986200
775,1628265600000,42199.97000000,43392.43000000,42199.97000000,42901.17000000,21395.29418600
776,1628280000000,42901.18000000,42967.68000000,42393.02000000,42836.87000000,7224.67921300
777,1628294400000,42836.87000000,43770.03000000,42579.16000000,43691.86000000,11688.33701600
778,1628308800000,43691.95000000,43930.40000000,43040.00000000,43207.89000000,9270.54791500
779,1628323200000,43207.89000000,43989.49000000,43110.01000000,43800.03000000,10822.60900000
780,1628337600000,43800.03000000,44555.00000000,43000.00000000,43370.23000000,18116.37053000
781,1628352000000,43370.23000000,44059.21000000,42446.41000000,43931.41000000,12351.12516500
782,1628366400000,43931.41000000,44700.00000000,43470.00000000,44572.54000000,11147.75118200
783,1628380800000,44572.54000000,44776.00000000,43785.00000000,44322.42000000,10785.35859500
784,1628395200000,44322.42000000,45310.00000000,44155.21000000,44804.51000000,14128.83612300
785,1628409600000,44804.51000000,45014.45000000,44071.82000000,44452.06000000,10893.16139700
786,1628424000000,44452.05000000,45198.27000000,43737.00000000,43984.55000000,13476.96877000
787,1628438400000,43988.88000000,44391.35000000,43261.00000000,43715.10000000,11337.28247200
788,1628452800000,43715.10000000,44581.00000000,43541.05000000,43794.37000000,8707.48534100
789,1628467200000,43794.36000000,43960.84000000,42779.00000000,43496.09000000,9844.91058100
790,1628481600000,43496.09000000,43845.39000000,43234.00000000,43800.74000000,6671.89059200
791,1628496000000,43800.74000000,46048.50000000,43600.92000000,45930.01000000,19251.35488100
792,1628510400000,45930.01000000,46250.00000000,45254.11000000,45870.75000000,15057.74357700
793,1628524800000,45870.76000000,46454.15000000,45671.24000000,45979.85000000,10396.79535400
794,1628539200000,45981.05000000,46412.99000000,44900.00000000,46253.40000000,13365.18986000
795,1628553600000,46248.87000000,46700.00000000,45629.67000000,45708.76000000,8694.64852500
796,1628568000000,45707.12000000,46023.92000000,45300.00000000,45948.00000000,6890.96556900
797,1628582400000,45948.00000000,46171.42000000,45192.79000000,45345.05000000,9924.83261100
798,1628596800000,45345.05000000,46097.99000000,44856.00000000,45165.73000000,12836.70703200
799,1628611200000,45161.75000000,45565.18000000,44589.46000000,45495.73000000,8533.18458200
800,1628625600000,45495.73000000,45906.54000000,45233.90000000,45584.99000000,6934.30510200
801,1628640000000,45585.00000000,45996.77000000,45341.14000000,45585.66000000,6407.59957200
802,1628654400000,45585.66000000,46433.67000000,45434.85000000,46349.25000000,8513.74732000
803,1628668800000,46349.26000000,46571.42000000,45850.00000000,45924.08000000,8369.54286300
804,1628683200000,45922.33000000,46743.47000000,45800.00000000,46456.02000000,12462.44705900
805,1628697600000,46456.91000000,46607.94000000,46205.37000000,46448.00000000,7047.21965000
806,1628712000000,46448.01000000,46680.00000000,45510.66000000,45511.00000000,9934.34551300
807,1628726400000,45510.67000000,46218.12000000,45392.44000000,45927.00000000,6720.17916500
808,1628740800000,45927.00000000,46016.57000000,44833.40000000,45243.61000000,12583.54279200
809,1628755200000,45243.61000000,45662.74000000,44600.00000000,44752.56000000,9468.94947800
810,1628769600000,44752.56000000,44968.29000000,43920.00000000,44196.19000000,12371.79324700
811,1628784000000,44196.19000000,44512.20000000,43770.00000000,44371.32000000,8352.49957100
812,1628798400000,44371.80000000,44549.99000000,43855.88000000,44399.00000000,5769.14452800
813,1628812800000,44400.06000000,44922.00000000,44217.39000000,44847.26000000,4783.84453200
814,1628827200000,44847.27000000,46336.00000000,44847.27000000,46103.51000000,7082.20008000
815,1628841600000,46103.50000000,46537.15000000,45959.90000000,46138.47000000,10390.65381500
816,1628856000000,46138.46000000,46666.00000000,46128.18000000,46357.15000000,8188.77812900
817,1628870400000,46357.15000000,46630.00000000,46222.31000000,46459.86000000,5176.56561800
818,1628884800000,46459.86000000,47886.00000000,46390.00000000,47800.00000000,12617.32825700
819,1628899200000,47799.99000000,47834.12000000,47382.00000000,47540.00000000,5483.03255500
820,1628913600000,47540.00000000,47722.98000000,47430.00000000,47616.12000000,4385.83905900
821,1628928000000,47616.12000000,48144.00000000,45971.03000000,46569.99000000,17186.76090300
822,1628942400000,46570.54000000,46950.00000000,46100.00000000,46944.47000000,8957.03475000
823,1628956800000,46944.47000000,47374.67000000,46568.21000000,47033.76000000,5068.16556000
824,1628971200000,47033.77000000,47213.88000000,46331.28000000,47068.51000000,5033.52619500
825,1628985600000,47068.50000000,47372.27000000,46802.00000000,46874.81000000,4539.14220900
826,1629000000000,46877.72000000,46888.00000000,45519.00000000,45742.92000000,8434.00718500
827,1629014400000,45738.34000000,46167.26000000,45555.55000000,45923.57000000,7872.99736000
828,1629028800000,45923.57000000,46498.89000000,45500.00000000,46167.90000000,7294.92087600
829,1629043200000,46173.49000000,46428.21000000,45649.82000000,46341.80000000,6649.77962600
830,1629057600000,46337.77000000,47299.15000000,46254.24000000,46973.82000000,7319.86407800
831,1629072000000,46973.82000000,48053.83000000,46741.44000000,47357.62000000,11907.63831700
832,1629086400000,47357.62000000,47719.30000000,47182.35000000,47309.85000000,6426.57381900
833,1629100800000,47309.85000000,47661.38000000,47000.00000000,47516.95000000,7355.61442900
834,1629115200000,47516.95000000,47709.12000000,45951.73000000,46344.03000000,13086.39401800
835,1629129600000,46344.03000000,46666.00000000,46067.51000000,46092.99000000,5808.06353100
836,1629144000000,46092.98000000,46337.62000000,45660.00000000,45901.29000000,7896.28990000
837,1629158400000,45901.30000000,46620.00000000,45239.45000000,46417.00000000,8744.88277500
838,1629172800000,46417.00000000,46600.00000000,45636.97000000,45947.49000000,6086.36122400
839,1629187200000,45947.49000000,47160.00000000,45885.01000000,46849.43000000,10128.56136700
840,1629201600000,46845.15000000,47082.60000000,45659.00000000,45730.00000000,10193.43844900
841,1629216000000,45730.00000000,46222.40000000,45287.55000000,45465.01000000,9427.52151500
842,1629230400000,45465.01000000,45543.44000000,44376.00000000,44695.95000000,12458.57629900
843,1629244800000,44695.95000000,45135.40000000,44203.28000000,45055.78000000,12688.75316800
844,1629259200000,45055.78000000,45500.00000000,44853.80000000,44951.32000000,7173.93174600
845,1629273600000,44951.31000000,45560.00000000,44650.00000000,44746.59000000,7560.81495400
846,1629288000000,44746.60000000,45833.00000000,44650.01000000,45820.00000000,9501.55733700
847,1629302400000,45820.00000000,46000.00000000,44772.65000000,44901.12000000,10026.75773500
848,1629316800000,44901.11000000,45192.89000000,44401.00000000,44705.29000000,7147.60104500
849,1629331200000,44699.37000000,45234.56000000,44044.65000000,44046.97000000,8549.99352700
850,1629345600000,44046.97000000,44660.90000000,43927.70000000,44660.01000000,8346.71903400
851,1629360000000,44660.01000000,45000.00000000,44175.47000000,44215.25000000,7506.52209400
852,1629374400000,44215.24000000,45800.00000000,44123.65000000,45779.58000000,11037.74277800
853,1629388800000,45779.59000000,46757.01000000,45405.86000000,46710.00000000,11398.80655500
854,1629403200000,46710.00000000,47033.00000000,46340.12000000,46760.62000000,6571.96993200
855,1629417600000,46760.62000000,47390.00000000,46622.99000000,47054.74000000,8538.71641100
856,1629432000000,47054.75000000,47246.39000000,46700.24000000,46833.48000000,7094.04121100
857,1629446400000,46833.48000000,47357.67000000,46720.00000000,46922.34000000,7777.97050600
858,1629460800000,46922.34000000,48720.29000000,46888.19000000,48718.38000000,15690.23501700
859,1629475200000,48718.38000000,49096.34000000,48289.43000000,48684.16000000,10506.21597800
860,1629489600000,48684.16000000,49382.99000000,48598.01000000,49322.47000000,7243.17310500
861,1629504000000,49322.47000000,49357.62000000,48670.10000000,48828.17000000,5988.24084100
862,1629518400000,48828.17000000,48990.00000000,48555.00000000,48944.23000000,5437.24514700
863,1629532800000,48944.22000000,49400.00000000,48222.00000000,48501.87000000,12846.81785600
864,1629547200000,48501.88000000,49405.52000000,48434.07000000,49180.98000000,8310.73113800
865,1629561600000,49180.98000000,49757.04000000,48765.00000000,48978.68000000,9541.76453400
866,1629576000000,48978.68000000,49390.00000000,48806.58000000,48821.87000000,4620.33706800
867,1629590400000,48821.88000000,49162.51000000,48601.00000000,48790.00000000,4417.15133400
868,1629604800000,48790.00000000,49272.70000000,48781.10000000,49195.01000000,4342.58955400
869,1629619200000,49195.01000000,49500.00000000,48900.00000000,49132.04000000,5326.14803000
870,1629633600000,49132.04000000,49210.93000000,48050.00000000,48526.61000000,10467.49167900
871,1629648000000,48526.62000000,48835.83000000,48168.01000000,48647.85000000,5854.08820000
872,1629662400000,48647.84000000,49489.73000000,48239.03000000,49239.22000000,6600.41899800
873,1629676800000,49239.22000000,50350.00000000,49070.01000000,50260.00000000,13441.30906700
874,1629691200000,50260.00000000,50399.00000000,49952.89000000,50130.05000000,8174.35508700
875,1629705600000,50130.05000000,50500.00000000,49975.00000000,50394.85000000,8002.95360300
876,1629720000000,50394.85000000,50459.93000000,49309.07000000,49537.97000000,9485.36715200
877,1629734400000,49536.85000000,49799.55000000,49077.00000000,49239.69000000,7339.68191500
878,1629748800000,49240.01000000,49739.37000000,49029.00000000,49488.85000000,6018.87513000
879,1629763200000,49488.85000000,49687.49000000,48776.26000000,49331.16000000,7923.34382400
880,1629777600000,49331.17000000,49860.00000000,49166.88000000,49770.13000000,5458.24230700
881,1629792000000,49770.13000000,49846.00000000,49060.00000000,49429.99000000,5786.18197900
882,1629806400000,49430.00000000,49455.92000000,48210.98000000,48310.74000000,13886.15055000
883,1629820800000,48310.73000000,48422.12000000,47749.10000000,48243.20000000,12715.71560100
884,1629835200000,48243.20000000,48404.19000000,47600.00000000,47674.01000000,5244.96048700
885,1629849600000,47674.01000000,48290.20000000,47652.36000000,47975.93000000,5408.66487800
886,1629864000000,47975.93000000,48603.84000000,47886.12000000,48144.58000000,5616.39278100
887,1629878400000,48144.58000000,48169.43000000,47126.28000000,47570.01000000,11569.05661200
888,1629892800000,47570.01000000,48900.00000000,47324.99000000,48822.49000000,11053.84325600
889,1629907200000,48817.41000000,49172.58000000,48507.71000000,48652.14000000,6574.33758400
890,1629921600000,48652.13000000,49264.30000000,48601.47000000,48973.32000000,4433.53523100
891,1629936000000,48973.32000000,49352.84000000,47829.61000000,47911.79000000,7176.71067200
892,1629950400000,47911.80000000,48055.55000000,46560.01000000,46891.75000000,13514.96823800
893,1629964800000,46891.75000000,47206.46000000,46693.68000000,46835.89000000,7402.54778000
894,1629979200000,46835.90000000,47431.17000000,46250.00000000,46800.00000000,10767.29756400
895,1629993600000,46800.00000000,47123.65000000,46485.16000000,46939.75000000,5881.19632000
896,1630008000000,46934.22000000,47439.00000000,46818.00000000,46843.87000000,4628.55720000
897,1630022400000,46843.86000000,47665.48000000,46348.00000000,46822.23000000,8396.95998500
898,1630036800000,46822.24000000,47546.18000000,46572.36000000,47483.44000000,5592.40981000
899,1630051200000,47479.77000000,47794.96000000,46989.48000000,47453.83000000,6809.29982700
900,1630065600000,47453.82000000,48451.51000000,47032.63000000,48184.67000000,10227.86552100
901,1630080000000,48184.66000000,48546.42000000,47969.42000000,48293.69000000,4628.33633100
902,1630094400000,48293.68000000,49149.93000000,48155.00000000,49069.90000000,6413.23349100
903,1630108800000,49069.90000000,49299.00000000,48835.00000000,48852.99000000,5599.98831500
904,1630123200000,48853.00000000,49079.84000000,48626.49000000,48950.00000000,3827.23352100
905,1630137600000,48949.03000000,49072.07000000,48627.31000000,48674.72000000,3988.09609000
906,1630152000000,48670.48000000,49200.00000000,48346.88000000,48811.12000000,6049.60441000
907,1630166400000,48811.12000000,49172.31000000,48500.00000000,48651.93000000,4272.79771000
908,1630180800000,48651.94000000,48975.16000000,48578.29000000,48895.35000000,2943.34374000
909,1630195200000,48895.35000000,49632.27000000,48067.53000000,48227.31000000,9312.33493300
910,1630209600000,48223.59000000,48600.00000000,47762.54000000,48480.10000000,5486.31901000
911,1630224000000,48480.11000000,48650.84000000,48140.00000000,48159.98000000,4379.41380000
912,1630238400000,48159.98000000,48561.46000000,48105.03000000,48474.95000000,4372.83599000
913,1630252800000,48474.96000000,48877.88000000,48329.22000000,48799.27000000,4036.23087000
914,1630267200000,48799.28000000,49385.42000000,48366.71000000,48767.83000000,5065.14887000
915,1630281600000,48767.84000000,48888.61000000,47803.00000000,47964.04000000,6018.32368000
916,1630296000000,47964.02000000,48139.63000000,47610.60000000,47930.40000000,6181.84700000
917,1630310400000,47933.16000000,48200.00000000,47620.05000000,47902.76000000,4820.49197000
918,1630324800000,47902.76000000,48089.30000000,47370.00000000,48019.64000000,7559.22764000
919,1630339200000,48012.78000000,48620.00000000,47956.63000000,48619.99000000,6266.58950000
920,1630353600000,48619.99000000,48696.87000000,46853.00000000,46982.91000000,9441.87104000
921,1630368000000,46982.91000000,47220.97000000,46700.00000000,47150.68000000,6898.22753000
922,1630382400000,47150.68000000,47900.00000000,46823.88000000,47761.26000000,9209.43345000
923,1630396800000,47761.26000000,48072.92000000,47137.00000000,47969.51000000,9880.63100000
924,1630411200000,47969.51000000,48246.11000000,47180.00000000,47397.13000000,10324.27303000
925,1630425600000,47397.13000000,47568.85000000,47001.00000000,47300.01000000,6866.89516000
926,1630440000000,47300.00000000,47345.00000000,46744.57000000,47100.89000000,5466.06720000
927,1630454400000,47100.89000000,47321.42000000,46512.00000000,47043.65000000,7128.97958000
928,1630468800000,47043.65000000,47473.28000000,46969.56000000,47171.01000000,6205.34752000
929,1630483200000,47171.00000000,47770.00000000,47111.25000000,47713.31000000,7612.40837000
930,1630497600000,47713.30000000,47836.69000000,47252.00000000,47488.49000000,6777.92384000
931,1630512000000,47488.50000000,49156.00000000,47386.66000000,48150.00000000,15849.59515000
932,1630526400000,48147.25000000,48873.89000000,48096.68000000,48810.52000000,6330.40082000
933,1630540800000,48810.51000000,49870.00000000,48584.06000000,49561.24000000,11028.24715900
934,1630555200000,49557.88000000,50450.00000000,49303.48000000,49846.27000000,12262.84173000
935,1630569600000,49846.27000000,50199.00000000,49658.99000000,50072.61000000,8623.30222000
936,1630584000000,50072.61000000,50450.13000000,49244.35000000,49540.70000000,11974.66263000
937,1630598400000,49540.70000000,49744.83000000,49186.00000000,49340.05000000,5833.80371900
938,1630612800000,49340.06000000,49841.41000000,49224.92000000,49246.64000000,4687.91308000
939,1630627200000,49246.63000000,49500.00000000,48316.84000000,49476.83000000,9336.84172000
940,1630641600000,49476.83000000,49755.00000000,49215.81000000,49305.11000000,6668.98575000
941,1630656000000,49305.10000000,50485.00000000,49255.57000000,50168.54000000,13547.57541600
942,1630670400000,50168.55000000,51000.00000000,49888.24000000,50550.44000000,16777.76289100
943,1630684800000,50550.45000000,50720.00000000,50210.67000000,50528.49000000,6390.71132000
944,1630699200000,50528.50000000,50534.32000000,49570.00000000,49999.14000000,6303.76706000
945,1630713600000,49998.00000000,50350.47000000,49575.83000000,50277.43000000,6895.14888000
946,1630728000000,50282.19000000,50463.08000000,50109.04000000,50187.29000000,4033.14493000
947,1630742400000,50187.30000000,50535.69000000,49690.00000000,49902.94000000,7042.20582000
948,1630756800000,49902.94000000,50317.05000000,49750.00000000,49873.53000000,5614.87961000
949,1630771200000,49873.52000000,50043.49000000,49370.00000000,49974.82000000,7100.86741000
950,1630785600000,49974.83000000,50262.95000000,49724.22000000,49915.64000000,3978.41294000
951,1630800000000,49917.54000000,50299.31000000,49657.14000000,49663.21000000,5414.50575000
952,1630814400000,49663.22000000,50040.01000000,49450.00000000,49857.14000000,4034.78376000
953,1630828800000,49857.14000000,50390.01000000,49810.00000000,50198.78000000,6112.69667000
954,1630843200000,50198.78000000,50494.11000000,50014.21000000,50214.95000000,6630.40633000
955,1630857600000,50214.95000000,50875.08000000,50120.00000000,50684.56000000,6604.24031000
956,1630872000000,50684.56000000,51900.00000000,50636.10000000,51756.88000000,11748.20305300
957,1630886400000,51756.88000000,51943.28000000,51447.89000000,51595.29000000,7857.35473100
958,1630900800000,51595.29000000,51994.37000000,51550.00000000,51796.19000000,6294.82555600
959,1630915200000,51796.18000000,52188.80000000,51282.05000000,51400.67000000,10261.81031200
960,1630929600000,51400.68000000,51721.94000000,50969.33000000,51604.45000000,10140.75070000
961,1630944000000,51604.45000000,52032.74000000,51478.63000000,51715.39000000,6004.11446000
962,1630958400000,51715.40000000,52780.00000000,51625.98000000,52663.90000000,8690.81132200
963,1630972800000,52666.20000000,52920.00000000,52336.10000000,52654.16000000,8318.74726900
964,1630987200000,52654.16000000,52731.00000000,52061.42000000,52344.08000000,8185.53027000
965,1631001600000,52344.08000000,52366.46000000,50402.00000000,50941.48000000,21065.57562000
966,1631016000000,50943.75000000,51124.91000000,42843.05000000,46656.07000000,51548.53954000
